t,x,y,z,yaw
16.779664754867554,-1.752265380859375,0.6124442749023438,1.26242724609375
16.83249807357788,-1.7641416015625,0.633798828125,1.3060509033203125
16.884414434432983,-1.773271240234375,0.6511356811523438,1.344583251953125
16.935858726501465,-1.7806011962890624,0.6639607543945313,1.3761539306640624
16.986724853515625,-1.7956431884765625,0.676919189453125,1.4244161376953124
17.04082226753235,-1.81189404296875,0.6835466918945312,1.469662109375
17.09308886528015,-1.8226016845703126,0.68661767578125,1.4978828125
17.14384698867798,-1.83714306640625,0.6915099487304688,1.537210693359375
17.195348262786865,-1.8485675048828125,0.6954421997070312,1.565593505859375
17.24882197380066,-1.8590435791015625,0.6983466186523437,1.589697265625
17.30217218399048,-1.8701707763671875,0.7009041137695312,1.6156783447265626
17.355006217956543,-1.877527587890625,0.7022095947265625,1.6365198974609374
17.40958285331726,-1.8851710205078125,0.7027265014648437,1.652944091796875
17.465436697006226,-1.894817626953125,0.7019229736328125,1.6693824462890625
17.520514011383057,-1.9013712158203124,0.7015972900390625,1.680101318359375
17.57149863243103,-1.90669091796875,0.7006516723632813,1.688367919921875
17.623799324035645,-1.9104932861328126,0.699502685546875,1.694049072265625
17.6768057346344,-1.9109033203125,0.699136474609375,1.6946593017578124
17.76884436607361,-1.908556884765625,0.7027987060546875,1.68979638671875
17.810262203216553,-1.906711669921875,0.7054783935546876,1.6856832275390625
17.863023042678833,-1.9046998291015624,0.710145263671875,1.678873046875
17.915453672409058,-1.9036572265625,0.7120364379882812,1.6736826171875
17.96767282485962,-1.9015433349609374,0.7127991943359375,1.66948388671875
18.007832288742065,-1.89913427734375,0.7131891479492187,1.6673470458984374
18.059728384017944,-1.8970447998046875,0.7130978393554688,1.6664417724609375
18.113358974456787,-1.895498779296875,0.711562255859375,1.666404296875
18.164846658706665,-1.894173583984375,0.710079345703125,1.667422119140625
18.21633791923523,-1.8925548095703124,0.707772216796875,1.669353515625
18.26974105834961,-1.8902978515625,0.7052495727539062,1.6723370361328125
18.322693586349487,-1.8877109375,0.7023432006835938,1.6765057373046874
18.37448215484619,-1.8855633544921875,0.70018505859375,1.68016064453125
18.426353216171265,-1.88348681640625,0.6979012451171875,1.68337158203125
18.479633808135986,-1.8811318359375,0.6960501098632812,1.6854324951171875
18.53274440765381,-1.8781939697265626,0.6942156982421875,1.6869881591796876
18.587063789367676,-1.87599609375,0.6935228881835938,1.6880328369140625
18.643473386764526,-1.8745587158203125,0.6937611694335938,1.6893465576171875
18.698513507843018,-1.8750404052734375,0.6940582275390625,1.6905743408203124
18.753026962280273,-1.8772127685546875,0.6942224731445312,1.6914005126953124
18.809123992919922,-1.87980712890625,0.6936809692382813,1.6918543701171875
18.861602544784546,-1.882827880859375,0.6929967041015626,1.6922412109375
18.914777040481567,-1.88465380859375,0.6926046752929688,1.6929964599609375
18.96682333946228,-1.8856190185546875,0.6922086181640625,1.69369580078125
19.01886534690857,-1.88683447265625,0.691453369140625,1.694675537109375
19.072412252426147,-1.88854443359375,0.6904736938476562,1.69606982421875
19.125605583190918,-1.89119482421875,0.68943603515625,1.69763671875
19.17732334136963,-1.8932584228515625,0.6884547119140625,1.699411865234375
19.230308055877686,-1.8951005859375,0.6868189086914063,1.70157763671875
19.283695459365845,-1.8960709228515624,0.6850541381835937,1.703318359375
19.335299491882324,-1.89718408203125,0.6816262817382812,1.705738525390625
19.38732624053955,-1.8979376220703126,0.6786358642578125,1.7078841552734374
19.44074535369873,-1.8987998046875,0.6753746337890625,1.7098458251953126
19.492677927017212,-1.8996741943359374,0.6734496459960938,1.7108101806640625
19.54686975479126,-1.9011318359375,0.6715477294921876,1.7115003662109376
19.60059428215027,-1.9030423583984375,0.6694508666992187,1.7114359130859376
19.652122735977173,-1.9045482177734374,0.667277587890625,1.71103125
19.70578408241272,-1.9053017578125,0.6649219360351563,1.70938134765625
19.759394884109497,-1.9062293701171875,0.6606751098632813,1.70608984375
19.814383029937744,-1.90740966796875,0.6524793701171875,1.6999764404296875
19.87067484855652,-1.907436767578125,0.6472721557617187,1.69425537109375
19.927555084228516,-1.9075552978515624,0.6453621215820312,1.6911400146484374
19.98265051841736,-1.9087030029296874,0.6427311401367187,1.6882047119140624
20.037286281585693,-1.910039794921875,0.6400635986328125,1.6863802490234374
20.090070486068726,-1.909583740234375,0.6377736206054687,1.6874921875
20.143373727798462,-1.9051385498046876,0.6367274169921875,1.691129638671875
20.194711685180664,-1.8980096435546876,0.63617138671875,1.69520166015625
20.24678087234497,-1.8887088623046875,0.63555712890625,1.6994813232421875
20.299002647399902,-1.877480712890625,0.6356746826171875,1.7021298828125
20.354746341705322,-1.8626483154296876,0.6381358032226563,1.7039246826171874
20.4086434841156,-1.8487548828125,0.6423576049804688,1.7036265869140625
20.46106505393982,-1.8328369140625,0.6481238403320313,1.7029462890625
20.51399850845337,-1.8102281494140624,0.658037109375,1.7017840576171874
20.56611919403076,-1.7908599853515625,0.6660443115234375,1.7015125732421874
20.618707180023193,-1.7705687255859375,0.672590576171875,1.701369140625
20.671736001968384,-1.745744873046875,0.68094580078125,1.70279296875
20.72591543197632,-1.7254619140625,0.6873995361328125,1.70482470703125
20.778122663497925,-1.7063778076171876,0.6907820434570312,1.70614990234375
20.83002734184265,-1.688080078125,0.691533447265625,1.7066307373046874
20.88160538673401,-1.6669639892578125,0.6921466674804687,1.7058062744140625
20.93567991256714,-1.6504039306640625,0.6911760864257812,1.701922607421875
20.988322734832764,-1.634885986328125,0.6893373413085937,1.6952437744140625
21.039854764938354,-1.617211181640625,0.6868139038085938,1.685088623046875
21.092010498046875,-1.6065047607421874,0.6809061889648438,1.677496826171875
21.14558243751526,-1.59810302734375,0.6754036865234375,1.67140234375
21.197595834732056,-1.586260986328125,0.66488818359375,1.660513427734375
21.250391006469727,-1.5752325439453125,0.6565173950195312,1.649802734375
21.302433967590332,-1.561217529296875,0.650217529296875,1.636783935546875
21.35537624359131,-1.5506236572265626,0.6467321166992187,1.62693408203125
21.407466888427734,-1.54225830078125,0.6436226806640625,1.617978759765625
21.46144962310791,-1.5342457275390624,0.6424681396484375,1.6083380126953124
21.515082120895386,-1.529250732421875,0.6434637451171875,1.60074560546875
21.56995415687561,-1.5252457275390625,0.6440428466796875,1.5931900634765626
21.62565517425537,-1.5205899658203126,0.6454242553710937,1.5859879150390626
21.680404663085938,-1.518340576171875,0.6460468139648438,1.5820513916015626
21.733019828796387,-1.517717041015625,0.6454820556640625,1.579209228515625
21.78504204750061,-1.517774658203125,0.6454668579101562,1.5785218505859375
21.838666439056396,-1.5181812744140626,0.6447125244140625,1.578788330078125
21.890329837799072,-1.5183597412109375,0.6435679321289063,1.5799398193359375
21.942309141159058,-1.5181805419921874,0.643319580078125,1.58222607421875
21.994760990142822,-1.5182633056640624,0.643109130859375,1.5851485595703125
22.046161890029907,-1.5180904541015625,0.642378173828125,1.58826318359375
22.100977897644043,-1.5170064697265624,0.6413282470703126,1.5916229248046876
22.155681133270264,-1.515174072265625,0.64004931640625,1.59563720703125
22.20794677734375,-1.5138199462890625,0.6386629638671875,1.5989422607421875
22.260080575942993,-1.5130718994140624,0.6373110961914062,1.6018148193359374
22.31184673309326,-1.5124205322265625,0.63700048828125,1.604293212890625
22.365994691848755,-1.5115001220703126,0.6373285522460937,1.6070985107421876
22.418709993362427,-1.5103907470703124,0.6379559326171875,1.6093131103515625
22.471938848495483,-1.50952099609375,0.6377930908203125,1.6121593017578124
22.525821685791016,-1.5090382080078124,0.6372142944335938,1.614270263671875
22.582149744033813,-1.508890869140625,0.6378549194335937,1.6165557861328126
22.636330604553223,-1.5092674560546875,0.6392081298828125,1.6182939453125
22.69015145301819,-1.51012451171875,0.640552734375,1.6195028076171876
22.74364686012268,-1.51147021484375,0.6413683471679688,1.620211181640625
22.796687841415405,-1.5123421630859375,0.641536865234375,1.620578857421875
22.84981656074524,-1.512698974609375,0.641598388671875,1.6207135009765625
22.905062913894653,-1.51252099609375,0.642461669921875,1.62094091796875
22.95857262611389,-1.51219482421875,0.6439857177734375,1.621486572265625
23.011600255966187,-1.51232470703125,0.645625,1.62209033203125
23.064547538757324,-1.51297998046875,0.6461880493164063,1.6223175048828125
23.119134426116943,-1.5140819091796875,0.64571923828125,1.6225970458984376
23.17491364479065,-1.5144984130859376,0.6444030151367187,1.623421875
23.230098962783813,-1.514216552734375,0.642924560546875,1.624225341796875
23.283123016357422,-1.513373779296875,0.6414527587890625,1.6251536865234375
23.335872888565063,-1.5121595458984376,0.6405430297851562,1.625721435546875
23.38840675354004,-1.5107347412109375,0.6400885009765624,1.626219970703125
23.44182062149048,-1.5089034423828125,0.6393805541992188,1.626448486328125
23.493718147277832,-1.50755322265625,0.6385653686523437,1.62648486328125
23.544930458068848,-1.506155517578125,0.637551025390625,1.6261654052734376
23.597347497940063,-1.5048731689453125,0.636541015625,1.62574169921875
23.650618076324463,-1.5035084228515625,0.6356458129882813,1.6254139404296875
23.702641248703003,-1.501959228515625,0.6346383056640625,1.62516845703125
23.755168676376343,-1.50050048828125,0.6336306762695313,1.6248935546875
23.808191061019897,-1.4994385986328125,0.63218701171875,1.6245936279296875
23.85920000076294,-1.49852490234375,0.6308948974609375,1.624203125
23.911840677261353,-1.497716796875,0.6304891967773437,1.623788330078125
23.96499490737915,-1.49747900390625,0.6310077514648438,1.623838134765625
24.018288135528564,-1.4978271484375,0.6320491943359375,1.624154052734375
24.07031750679016,-1.4983206787109375,0.6322032470703125,1.6241705322265625
24.122466802597046,-1.4988609619140625,0.6312940063476562,1.6238291015625
24.174173593521118,-1.4992152099609375,0.6305875244140625,1.6230997314453126
24.22863268852234,-1.4988607177734374,0.6304807739257813,1.621990234375
24.283697843551636,-1.497654541015625,0.6308095703125,1.6179051513671876
24.33585834503174,-1.497216064453125,0.6307059326171875,1.6168583984375
24.387158155441284,-1.496852783203125,0.630130615234375,1.6153968505859375
24.441293001174927,-1.496947021484375,0.629853271484375,1.614476318359375
24.494898796081543,-1.49722509765625,0.6302086181640625,1.6135164794921875
24.547199726104736,-1.4976087646484375,0.6308624267578125,1.61280078125
24.599843502044678,-1.4981575927734374,0.6313677368164062,1.6119578857421875
24.65463662147522,-1.4989757080078125,0.6314406127929687,1.61093017578125
24.705201148986816,-1.4995286865234374,0.6308977661132813,1.6100634765625
24.758919715881348,-1.500059326171875,0.6302031860351562,1.60958984375
24.811837911605835,-1.5005194091796874,0.6293785400390625,1.609408935546875
24.8656964302063,-1.500539306640625,0.6287618408203125,1.6094915771484375
24.917065858840942,-1.50014013671875,0.628155029296875,1.6092174072265626
24.969048261642456,-1.4996016845703124,0.6271612548828125,1.6085198974609376
25.022121906280518,-1.498555908203125,0.626463134765625,1.607327880859375
25.074830770492554,-1.4977071533203126,0.6263082885742187,1.606426025390625
25.12787175178528,-1.4971802978515625,0.6259280395507812,1.6056376953125
25.179656982421875,-1.4970233154296875,0.6254369506835937,1.6048697509765626
25.23145318031311,-1.49717919921875,0.6245007934570312,1.603921630859375
25.28269863128662,-1.4972900390625,0.6237676391601562,1.6033709716796876
25.336321115493774,-1.4977310791015626,0.623136962890625,1.6030093994140624
25.39090609550476,-1.4983956298828125,0.6232608642578125,1.6030521240234374
25.44503688812256,-1.4992550048828126,0.6239369506835938,1.60315673828125
25.496991634368896,-1.500062744140625,0.6247951049804688,1.603739501953125
25.548599004745483,-1.501346435546875,0.6252213134765625,1.6041925048828125
25.601633548736572,-1.503401611328125,0.624822998046875,1.604991455078125
25.657804489135742,-1.5052978515625,0.6245952758789063,1.60557275390625
25.713531494140625,-1.507284423828125,0.6248291015625,1.6064752197265626
25.76704454421997,-1.5085826416015624,0.6249342651367188,1.607122802734375
25.82063126564026,-1.509510498046875,0.625187744140625,1.6077774658203126
25.875728845596313,-1.51068505859375,0.6255669555664063,1.6083570556640625
25.928328037261963,-1.5115731201171876,0.6263052978515625,1.608612548828125
25.980899333953857,-1.5121827392578124,0.6269132080078125,1.608439697265625
26.034975051879883,-1.5127645263671874,0.6272376098632813,1.60794189453125
26.087399005889893,-1.5131611328125,0.6274505615234375,1.60734912109375
26.140182971954346,-1.5130118408203126,0.6279608154296875,1.60678662109375
26.194486618041992,-1.512072509765625,0.6284213256835938,1.606266357421875
26.251537561416626,-1.511083251953125,0.628030029296875,1.6060948486328126
26.306310415267944,-1.5100272216796875,0.6269486694335937,1.605823974609375
26.359455347061157,-1.5091326904296876,0.626055419921875,1.605396484375
26.411187410354614,-1.5084163818359375,0.6257954711914062,1.6048729248046876
26.46579909324646,-1.5076719970703125,0.6262327880859375,1.6041845703125
26.520315885543823,-1.5070399169921875,0.6262415161132813,1.603680908203125
26.57516622543335,-1.506279052734375,0.6259458618164062,1.6032271728515626
26.62966752052307,-1.50539892578125,0.6253515014648438,1.6026263427734375
26.682098150253296,-1.5040802001953124,0.6249912719726562,1.6019874267578125
26.733129501342773,-1.502849853515625,0.6251346435546875,1.60153369140625
26.784669160842896,-1.5017203369140626,0.6251908569335938,1.6007567138671874
26.83673620223999,-1.500472412109375,0.6251097412109375,1.5999693603515626
26.893837928771973,-1.4987685546875,0.6244264526367187,1.598893798828125
26.94955563545227,-1.497021728515625,0.6231146240234375,1.5981295166015625
27.005404233932495,-1.49551416015625,0.6216920776367187,1.5975535888671875
27.061798572540283,-1.4935872802734376,0.6203831176757812,1.59659912109375
27.118510007858276,-1.49177734375,0.6198977661132813,1.5956776123046874
27.173030138015747,-1.4895396728515624,0.6204095458984376,1.594259765625
27.22676968574524,-1.4882779541015625,0.6210324096679688,1.5932366943359375
27.28106164932251,-1.487578125,0.6212831420898437,1.592441650390625
27.334071397781372,-1.4871558837890626,0.6209932861328125,1.59212060546875
27.391974925994873,-1.4865892333984374,0.6198690795898437,1.592520263671875
27.449098110198975,-1.485885986328125,0.6186731567382813,1.593014892578125
27.50639319419861,-1.48399267578125,0.6168714599609375,1.5932503662109374
27.561180353164673,-1.4812906494140625,0.6146688232421875,1.5920989990234375
27.61603569984436,-1.47652587890625,0.6128818969726563,1.5903115234375
27.671711683273315,-1.47259814453125,0.6116200561523437,1.5886358642578124
27.726765632629395,-1.4679337158203125,0.608655517578125,1.585861572265625
27.782688856124878,-1.462056640625,0.6050429077148437,1.582516845703125
27.8358416557312,-1.4562557373046876,0.6031753540039062,1.579904052734375
27.893885135650635,-1.4480322265625,0.6009151611328125,1.576396484375
27.949604034423828,-1.4397335205078126,0.5976572265625,1.5721605224609374
28.004907846450806,-1.42781298828125,0.5956107177734375,1.5668004150390624
28.059499263763428,-1.41705810546875,0.5954864501953125,1.5625833740234376
28.11510181427002,-1.402397705078125,0.5931092529296875,1.5580611572265626
28.16904902458191,-1.3882493896484376,0.5896119995117187,1.5551947021484376
28.22331428527832,-1.3688968505859376,0.584609375,1.5534034423828125
28.279764652252197,-1.349234130859375,0.5825198974609375,1.5534564208984376
28.334762573242188,-1.3224588623046876,0.5826163940429687,1.5548870849609375
28.390063285827637,-1.298251953125,0.5853093872070313,1.5575274658203124
28.445903539657593,-1.2678792724609376,0.5927782592773437,1.562392822265625
28.50172996520996,-1.23722412109375,0.6016136474609375,1.5678060302734376
28.55598473548889,-1.2108311767578126,0.6088363037109376,1.5727071533203125
28.612455368041992,-1.1797293701171876,0.6163056030273437,1.5787769775390625
28.667506217956543,-1.1539947509765625,0.6211250610351563,1.586206787109375
28.722700357437134,-1.126853759765625,0.624356201171875,1.5954281005859374
28.77722191810608,-1.1080225830078125,0.6235698852539062,1.6016920166015625
28.831298828125,-1.0894642333984375,0.620177490234375,1.6073206787109375
28.888381481170654,-1.076931884765625,0.616797119140625,1.6098203125
28.942758083343506,-1.06431494140625,0.61210205078125,1.6105582275390624
28.997448921203613,-1.0556846923828125,0.6071199951171875,1.6098394775390625
29.054195642471313,-1.0445247802734374,0.6023886108398437,1.6100828857421876
29.11025905609131,-1.03532080078125,0.5987242431640625,1.6109144287109376
29.166050910949707,-1.026989990234375,0.5918555297851562,1.6119715576171876
29.22154974937439,-1.021275146484375,0.585297607421875,1.611968505859375
29.275477409362793,-1.0135206909179688,0.5777135009765625,1.6124144287109374
29.33100152015686,-1.0053494873046875,0.5700145874023438,1.6129625244140624
29.386684894561768,-0.9991671142578125,0.562634521484375,1.613416015625
29.443174600601196,-0.9924964599609375,0.5532194213867188,1.61291162109375
29.499356508255005,-0.9866661376953125,0.5458912353515625,1.6114307861328125
29.554965496063232,-0.9793056030273437,0.53916357421875,1.6094169921875
29.60942554473877,-0.9737157592773438,0.5338690185546875,1.6075703125
29.66339421272278,-0.9685484619140625,0.5287388305664062,1.605409912109375
29.718913793563843,-0.9632384643554688,0.52344140625,1.60231201171875
29.77482318878174,-0.9585967407226562,0.5195482177734375,1.599810546875
29.829892873764038,-0.9550550537109375,0.5165198364257813,1.5975550537109375
29.885566473007202,-0.9510211791992188,0.5122214965820312,1.594380859375
29.94006371498108,-0.94629345703125,0.5088969116210937,1.593167724609375
29.995280027389526,-0.940118408203125,0.5048339233398438,1.5920465087890625
30.051163911819458,-0.9337529907226563,0.5009487915039063,1.591346435546875
30.10801386833191,-0.9274605712890625,0.4986805114746094,1.59121728515625
30.162443161010742,-0.9187802124023438,0.49686373901367187,1.59131005859375
30.216707706451416,-0.9122957763671875,0.4942017822265625,1.5907171630859376
30.270044088363647,-0.906238037109375,0.4907613525390625,1.589300048828125
30.325253009796143,-0.897658935546875,0.48612896728515625,1.58549609375
30.38016629219055,-0.8850343017578125,0.4816040344238281,1.578615966796875
30.435051679611206,-0.8692716064453125,0.47974734497070315,1.571266845703125
30.489471435546875,-0.84619189453125,0.4796793518066406,1.5628638916015625
30.545469760894775,-0.825039306640625,0.480635986328125,1.5578101806640625
30.599864721298218,-0.8031224975585938,0.48262823486328127,1.5546258544921876
30.654361963272095,-0.7764287109375,0.4867856140136719,1.553034423828125
30.711552619934082,-0.7491783447265625,0.49121575927734373,1.55274853515625
30.76739525794983,-0.72522412109375,0.495341064453125,1.5552113037109374
30.82231307029724,-0.6968775634765625,0.49979501342773436,1.5603497314453125
30.876371145248413,-0.6737732543945313,0.5023158874511718,1.5671326904296874
30.930763959884644,-0.6526737060546876,0.502440185546875,1.5745037841796874
30.98471474647522,-0.6286583251953125,0.500978515625,1.58397802734375
31.038928031921387,-0.6085020751953125,0.5002716979980468,1.5916929931640624
31.09287691116333,-0.5883895263671876,0.5000532531738281,1.5976612548828124
31.1484432220459,-0.5646549682617188,0.49832107543945314,1.600798828125
31.203532934188843,-0.5417543334960937,0.49507955932617187,1.5959600830078124
31.25714612007141,-0.52252685546875,0.491872802734375,1.5864354248046875
31.31435537338257,-0.4982679443359375,0.4887345275878906,1.5707669677734375
31.369219303131104,-0.47750616455078126,0.4861108703613281,1.5561444091796874
31.423720359802246,-0.45206570434570315,0.48259686279296876,1.540671142578125
31.47723913192749,-0.43170474243164064,0.4806015625,1.533375732421875
31.533134698867798,-0.41269607543945314,0.4779315795898437,1.5325872802734375
31.588078498840332,-0.3926363525390625,0.47388052368164063,1.5364493408203126
31.643282413482666,-0.37340090942382814,0.46972894287109374,1.54484765625
31.697110652923584,-0.35697366333007813,0.46645489501953125,1.5530994873046875
31.753666162490845,-0.33721255493164065,0.4628194885253906,1.5628731689453126
31.807100534439087,-0.3221184997558594,0.45840771484375,1.5682786865234375
31.862653255462646,-0.30422174072265623,0.4528709716796875,1.571507568359375
31.919451236724854,-0.28733380126953123,0.45032113647460936,1.5722506103515625
31.974303245544434,-0.26444189453125,0.44939532470703125,1.5714007568359376
32.02884650230408,-0.2440198974609375,0.4495520935058594,1.5705960693359375
32.08310079574585,-0.2187854461669922,0.44972671508789064,1.5701790771484374
32.138925075531006,-0.19781153869628906,0.4498507690429687,1.5725264892578126
32.19468832015991,-0.17213983154296875,0.45124179077148435,1.5811229248046874
32.25112199783325,-0.15243650817871093,0.4514825134277344,1.5896072998046875
32.30858016014099,-0.13154275512695313,0.4488394775390625,1.5982384033203125
32.36574149131775,-0.11279773712158203,0.4439560852050781,1.602545654296875
32.42095589637756,-0.09715438842773437,0.4392777099609375,1.6027598876953124
32.47675180435181,-0.07759806823730468,0.433355712890625,1.597879150390625
32.53440237045288,-0.05749277114868164,0.4273315734863281,1.58846337890625
32.58961510658264,-0.040394088745117185,0.4231082458496094,1.5791741943359374
32.64724516868591,-0.021423341751098633,0.4191398010253906,1.5689854736328126
32.70341396331787,-0.004968516349792481,0.4164276123046875,1.56152734375
32.761184215545654,0.008081997871398926,0.4149389953613281,1.5574259033203126
32.8176634311676,0.023611608505249022,0.4135691528320313,1.55553076171875
32.87462830543518,0.039989845275878906,0.41307815551757815,1.55715625
32.93149948120117,0.05799119567871094,0.41380422973632813,1.5609072265625
32.9858877658844,0.07219637298583985,0.4141831970214844,1.5614166259765625
33.040597677230835,0.08774581146240235,0.4145780944824219,1.5614742431640625
33.09783911705017,0.10661575317382813,0.4143092346191406,1.5597845458984374
33.15463471412659,0.12546419525146485,0.41469757080078123,1.557503662109375
33.21079730987549,0.14235711669921874,0.41630355834960936,1.556953857421875
33.26597571372986,0.16247372436523438,0.4191940002441406,1.5576444091796875
33.320520639419556,0.1786678924560547,0.42147647094726565,1.5600167236328124
33.37688088417053,0.19667642211914063,0.42296078491210937,1.5657542724609375
33.432711362838745,0.21382192993164062,0.42377212524414065,1.574442138671875
33.488640546798706,0.22793177795410155,0.42305038452148436,1.582472412109375
33.54444122314453,0.2431592559814453,0.41967425537109376,1.5910811767578126
33.59901571273804,0.25451528930664064,0.41584268188476564,1.5967723388671875
33.65363526344299,0.26700897216796876,0.4112113037109375,1.599145751953125
33.70938181877136,0.27693524169921874,0.40724017333984375,1.596956298828125
33.76662015914917,0.2874319152832031,0.4016562805175781,1.5909130859375
33.82336783409119,0.2969469299316406,0.3970192565917969,1.5841124267578126
33.878331661224365,0.30499844360351563,0.395776611328125,1.5805703125
33.93362522125244,0.31322857666015624,0.39536587524414063,1.575544677734375
33.9894654750824,0.3193966369628906,0.394439208984375,1.57238623046875
34.04525446891785,0.3245626220703125,0.3920160827636719,1.569242431640625
34.10135889053345,0.327043212890625,0.3898157958984375,1.5669090576171876
34.15732455253601,0.32944512939453124,0.38711965942382814,1.564010498046875
34.21248459815979,0.3328361511230469,0.38544125366210935,1.5620850830078126
34.26783013343811,0.3361759033203125,0.3839600219726563,1.561287353515625
34.32290959358215,0.3391382141113281,0.3806963195800781,1.561322509765625
34.37984561920166,0.3405712585449219,0.37777426147460935,1.5632152099609375
34.437092542648315,0.3416266784667969,0.37468902587890623,1.5676593017578124
34.49306130409241,0.3413002624511719,0.37255621337890626,1.57250634765625
34.54947781562805,0.3412998962402344,0.37106301879882814,1.57647705078125
34.60564064979553,0.341205810546875,0.3681319580078125,1.5794443359375
34.66102886199951,0.34286318969726565,0.3652691650390625,1.582360595703125
34.716553926467896,0.3435747985839844,0.3623798828125,1.5822742919921875
34.773329734802246,0.34546737670898436,0.359528076171875,1.580919677734375
34.828179359436035,0.3473656616210937,0.357873046875,1.57962451171875
34.882991313934326,0.3504655456542969,0.35706051635742186,1.5804697265625
34.938164949417114,0.3518584899902344,0.3558885498046875,1.5819879150390626
34.995248794555664,0.3528318481445312,0.3533772888183594,1.5844620361328126
35.04949712753296,0.3532105407714844,0.35045819091796876,1.5859693603515626
35.10362529754639,0.35387823486328124,0.3481182861328125,1.5876544189453126
35.15922713279724,0.3539915161132812,0.3471318359375,1.58902099609375
35.21617817878723,0.35377587890625,0.3462731628417969,1.5903092041015625
35.27207684516907,0.353815673828125,0.3444411315917969,1.5907109375
35.32640528678894,0.3545476379394531,0.34257485961914064,1.590258544921875
35.38288164138794,0.3551608581542969,0.34045330810546875,1.5895499267578126
35.43782711029053,0.354937255859375,0.33896932983398437,1.5894464111328126
35.49293494224548,0.35422708129882813,0.3374255065917969,1.5890928955078125
35.548175573349,0.3535364685058594,0.3354294128417969,1.5892420654296875
35.60568404197693,0.3536121520996094,0.33330593872070313,1.5895147705078125
35.66088628768921,0.35538961791992185,0.33200201416015623,1.5902628173828126
35.71677613258362,0.3562658996582031,0.3304949035644531,1.59095654296875
35.77395749092102,0.35677728271484377,0.3279005126953125,1.591854736328125
35.83000183105469,0.3573189392089844,0.32557742309570314,1.5921717529296875
35.88571882247925,0.35879534912109373,0.3231724853515625,1.5923338623046874
35.94362950325012,0.3611809387207031,0.3199869384765625,1.592549072265625
35.99972128868103,0.36231198120117186,0.318021484375,1.593069091796875
36.054628133773804,0.36291497802734374,0.3160956115722656,1.5937120361328125
36.11135244369507,0.36308004760742185,0.31489019775390625,1.594129638671875
36.168378591537476,0.3629795227050781,0.3138902282714844,1.5944990234375
36.22321319580078,0.36259075927734374,0.3130677490234375,1.5947999267578126
36.27780032157898,0.36225778198242187,0.31248583984375,1.5947222900390625
36.33290672302246,0.3620384521484375,0.31239898681640627,1.5948748779296875
36.38973546028137,0.3615135192871094,0.3130533447265625,1.5951473388671875
36.445401430130005,0.3589474182128906,0.31529769897460935,1.5962353515625
36.50125527381897,0.35276663208007814,0.3195396118164063,1.5985047607421874
36.55544328689575,0.34472271728515624,0.3259704895019531,1.60124365234375
36.61072087287903,0.33155221557617187,0.337294677734375,1.605406494140625
36.66477847099304,0.31724063110351564,0.3499418029785156,1.609211181640625
36.72098183631897,0.30008377075195314,0.3653036804199219,1.6128472900390625
36.778982639312744,0.27498583984375,0.3869280090332031,1.6156561279296875
36.83225131034851,0.2509181976318359,0.4081742248535156,1.617337158203125
36.88640475273132,0.21800491333007813,0.43661505126953126,1.6190628662109374
36.940009355545044,0.187709716796875,0.4621002807617188,1.6207557373046875
37.08026719093323,0.09383027648925782,0.5338460693359375,1.6238419189453126
37.152597427368164,0.046622940063476566,0.5538106689453125,1.6239083251953126
37.208455324172974,0.0126466646194458,0.5645889892578125,1.6237584228515625
37.26270365715027,-0.02070423126220703,0.5741822509765625,1.623986083984375
37.31791353225708,-0.06023354339599609,0.581108642578125,1.622986328125
37.374380588531494,-0.09969441986083985,0.5804264526367188,1.620101318359375
37.42925834655762,-0.13232565307617186,0.5742984619140625,1.615577392578125
37.48345327377319,-0.1712915802001953,0.56224951171875,1.607943603515625
37.53972601890564,-0.20408428955078126,0.5507076416015625,1.6007816162109374
37.595418214797974,-0.24583424377441407,0.5371010131835937,1.597979248046875
37.65188121795654,-0.2797779541015625,0.5224358520507812,1.595150146484375
37.707080364227295,-0.31985781860351564,0.4987609252929687,1.5926611328125
37.76080274581909,-0.3609779052734375,0.47138299560546876,1.5915335693359376
37.81599736213684,-0.39722637939453126,0.446777587890625,1.5922586669921874
37.87022352218628,-0.43498846435546873,0.42200750732421877,1.59234033203125
37.92551517486572,-0.48192404174804687,0.3917645263671875,1.59279248046875
37.98162603378296,-0.5204483032226562,0.3652662658691406,1.59220849609375
38.037647008895874,-0.5654652709960938,0.3350345458984375,1.5910814208984374
38.09252071380615,-0.608256103515625,0.30754818725585936,1.590536376953125
38.14737510681152,-0.641566162109375,0.2851754150390625,1.59089208984375
38.203917503356934,-0.6773128662109374,0.25742245483398435,1.5905643310546875
38.26297855377197,-0.709473876953125,0.22978302001953124,1.5889661865234375
38.31977820396423,-0.7351502685546875,0.20852813720703126,1.5864678955078124
38.37513852119446,-0.7630276489257812,0.185666748046875,1.5807928466796874
38.432000398635864,-0.7842401733398437,0.1670035400390625,1.57434814453125
38.48689103126526,-0.8069563598632813,0.14494456481933593,1.565295166015625
38.544307231903076,-0.8272708740234375,0.1237862319946289,1.5536759033203125
38.602091789245605,-0.8444866943359375,0.10332517242431641,1.542330078125
38.65827178955078,-0.8561766967773438,0.08685946655273437,1.534210205078125
38.713693380355835,-0.8668216552734375,0.06866667938232422,1.5251458740234376
38.76983094215393,-0.8748621215820312,0.05391516876220703,1.519225830078125
38.82665967941284,-0.8857410888671875,0.035389907836914064,1.51376806640625
38.88251543045044,-0.9011734619140624,0.015922258377075196,1.5111815185546875
38.93879413604736,-0.9168648681640625,-0.001235470175743103,1.5098564453125
38.99380540847778,-0.9369956665039062,-0.021204843521118164,1.508322509765625
39.050400495529175,-0.95367578125,-0.0361561279296875,1.505140380859375
39.10542821884155,-0.9767462158203125,-0.05311539077758789,1.500592041015625
39.16138315200806,-1.0029911499023438,-0.06788046264648437,1.4958651123046875
39.218345403671265,-1.0267608642578125,-0.07910362243652344,1.4947215576171875
39.2740581035614,-1.056390380859375,-0.0911423110961914,1.497470947265625
39.33004593849182,-1.080203125,-0.10075656127929687,1.502017822265625
39.38694190979004,-1.1058372802734375,-0.11076621246337891,1.5078123779296875
39.445279598236084,-1.128651611328125,-0.11935432434082031,1.5122093505859375
39.501885414123535,-1.149670654296875,-0.12572711944580078,1.513837890625
39.55771017074585,-1.167660400390625,-0.12929627990722656,1.51250244140625
39.61486577987671,-1.190568359375,-0.1306774444580078,1.5079324951171875
39.672527551651,-1.2136820068359375,-0.12851809692382812,1.5013076171875
39.727932929992676,-1.2315748291015625,-0.12420906066894531,1.4958731689453124
39.785074949264526,-1.250428466796875,-0.11666143798828126,1.4926546630859374
39.84342408180237,-1.2670311279296875,-0.10859844207763672,1.4924881591796875
39.89868211746216,-1.2815242919921874,-0.1038847885131836,1.4955501708984376
39.955063581466675,-1.3012965087890624,-0.10126303100585937,1.50233544921875
40.01219606399536,-1.3191563720703126,-0.10180876922607422,1.5090751953125
40.07060503959656,-1.337523193359375,-0.10338581085205079,1.515149169921875
40.1270215511322,-1.3604923095703125,-0.10427545928955079,1.5180560302734376
40.1827712059021,-1.3854783935546875,-0.10449029541015625,1.517564208984375
40.24152183532715,-1.4181337890625,-0.10597052001953125,1.5126495361328125
40.29847002029419,-1.4432362060546875,-0.10906056213378906,1.508533447265625
40.355820417404175,-1.472394287109375,-0.1141981201171875,1.5031356201171875
40.41330146789551,-1.5004921875,-0.11997721099853516,1.4986810302734375
40.470845222473145,-1.5230780029296875,-0.12481145477294922,1.4981646728515625
40.527918338775635,-1.547855224609375,-0.13023081970214845,1.4997076416015624
40.586105823516846,-1.568193115234375,-0.1336522216796875,1.5015750732421875
40.64405274391174,-1.58571337890625,-0.1361513671875,1.503053955078125
40.70222997665405,-1.597879638671875,-0.1380108642578125,1.503323486328125
40.758628129959106,-1.6088941650390625,-0.1399558563232422,1.5021834716796876
40.81416869163513,-1.614304443359375,-0.1404152069091797,1.498309326171875
40.87093997001648,-1.61703271484375,-0.14042445373535156,1.494310546875
40.92671465873718,-1.6201988525390625,-0.1417240447998047,1.492886962890625
40.98256540298462,-1.6265845947265625,-0.1447835693359375,1.492902099609375
41.040343284606934,-1.628828857421875,-0.1442275848388672,1.492550537109375
41.09667778015137,-1.6298232421875,-0.14129206848144532,1.4920068359375
41.15142059326172,-1.630719482421875,-0.13842010498046875,1.49188671875
41.20660901069641,-1.6324873046875,-0.13486871337890624,1.491767578125
41.264819622039795,-1.6355511474609374,-0.13130123901367188,1.4920477294921874
41.32173538208008,-1.6399365234375,-0.12599581146240235,1.49258203125
41.37749481201172,-1.6448077392578124,-0.11954086303710937,1.4936717529296875
41.433435678482056,-1.6519727783203124,-0.10844451141357422,1.493346923828125
41.488805055618286,-1.6595667724609375,-0.09646323394775391,1.4902542724609376
41.54680347442627,-1.6719703369140626,-0.08081256103515624,1.4835206298828125
41.60277462005615,-1.6853155517578124,-0.06784309387207031,1.4776990966796875
41.65907621383667,-1.7034486083984375,-0.052481029510498045,1.4719063720703125
41.71466827392578,-1.725450439453125,-0.038865890502929684,1.4703902587890625
41.770800828933716,-1.748208984375,-0.03028403091430664,1.4726219482421874
41.82784700393677,-1.779111572265625,-0.02131837272644043,1.476486572265625
41.88439726829529,-1.8113446044921875,-0.011838324546813965,1.47783447265625
41.94016408920288,-1.839212158203125,-0.003841158390045166,1.474707763671875
41.99482989311218,-1.8750692138671874,0.004395743370056152,1.4665787353515625
42.0510892868042,-1.90770751953125,0.008822986602783203,1.4584735107421876
42.10736584663391,-1.9511605224609374,0.012121282577514648,1.4490587158203125
42.16392731666565,-1.9957069091796875,0.015285785675048829,1.44428662109375
42.219613552093506,-2.032137939453125,0.0166170597076416,1.447005859375
42.27609968185425,-2.0733837890625,0.019201728820800783,1.4563673095703125
42.33174967765808,-2.10675537109375,0.02228018569946289,1.4653563232421876
42.38691449165344,-2.141639404296875,0.026916580200195314,1.4737684326171876
42.4436821937561,-2.172765869140625,0.03321267318725586,1.476366943359375
42.498308181762695,-2.201597900390625,0.03780037307739258,1.472591064453125
42.55290913581848,-2.24011474609375,0.042821395874023435,1.4635660400390624
42.607304096221924,-2.27320166015625,0.04622202682495117,1.454343994140625
42.662923097610474,-2.3032822265625,0.05038828277587891,1.4459302978515625
42.71799087524414,-2.338302978515625,0.05317049026489258,1.440548828125
42.77493095397949,-2.372284912109375,0.052293670654296874,1.4407142333984375
42.83029532432556,-2.400972412109375,0.049388229370117186,1.444051025390625
42.88643741607666,-2.436082763671875,0.04477303695678711,1.44892626953125
42.9419322013855,-2.466218505859375,0.04113214874267578,1.451728271484375
42.997538805007935,-2.5033896484375,0.037434383392333986,1.451027587890625
43.05427408218384,-2.54300830078125,0.03310348510742187,1.445140625
43.11158347129822,-2.57959912109375,0.027393266677856444,1.4382161865234375
43.16625261306763,-2.626426513671875,0.017903507232666014,1.43120263671875
43.220763206481934,-2.66494287109375,0.010662120819091797,1.4266993408203126
43.27708649635315,-2.710914306640625,0.002254333972930908,1.42602197265625
43.333704471588135,-2.756102294921875,-0.004835710048675537,1.4305858154296875
43.38948106765747,-2.790471923828125,-0.008785984992980956,1.43740283203125
43.44359517097473,-2.82851025390625,-0.013438214302062988,1.446854248046875
43.50026535987854,-2.8575009765625,-0.017579311370849608,1.452292724609375
43.55633854866028,-2.885280029296875,-0.02238734436035156,1.4531571044921876
43.61224865913391,-2.924862060546875,-0.031850282669067385,1.445453369140625
43.67015242576599,-2.954089111328125,-0.040592147827148435,1.4362503662109376
43.7256875038147,-2.99098779296875,-0.05371672439575195,1.4254373779296876
43.784074783325195,-3.025193115234375,-0.06688676452636719,1.4168900146484376
43.8415412902832,-3.05460888671875,-0.0787865219116211,1.4109156494140624
43.899940967559814,-3.0767626953125,-0.09002631378173828,1.40825
43.956772804260254,-3.099775146484375,-0.10442130279541016,1.4036788330078125
44.01293158531189,-3.12418212890625,-0.12103118896484374,1.396671142578125
44.06972050666809,-3.147802734375,-0.13778515625,1.3889976806640625
44.12483072280884,-3.177251708984375,-0.15899966430664061,1.3777642822265626
44.17945051193237,-3.20209912109375,-0.1770277862548828,1.3668367919921875
44.23427891731262,-3.22743505859375,-0.19497686767578126,1.3550791015625
44.29234290122986,-3.26624609375,-0.22088661193847656,1.3402095947265624
44.34889006614685,-3.293129638671875,-0.23743241882324218,1.33004736328125
44.40424466133118,-3.325974365234375,-0.25543196105957033,1.3178094482421876
44.459715366363525,-3.353328125,-0.26930682373046877,1.3072874755859376
44.51607632637024,-3.38475439453125,-0.2842323913574219,1.2929482421875
44.57230758666992,-3.415220458984375,-0.29866986083984376,1.2759212646484375
44.62896776199341,-3.439802490234375,-0.31066876220703127,1.2591400146484375
44.686856746673584,-3.470468505859375,-0.32557159423828125,1.2365986328125
44.74279570579529,-3.5011201171875,-0.3409530029296875,1.212854248046875
44.798781394958496,-3.5278017578125,-0.3539512023925781,1.1932855224609376
44.85510993003845,-3.5621865234375,-0.3698303833007813,1.1721175537109374
44.91130709648132,-3.591340087890625,-0.3827510986328125,1.15705224609375
44.966108560562134,-3.625065673828125,-0.3983617858886719,1.1393572998046875
45.02310562133789,-3.65650634765625,-0.41647628784179686,1.1230091552734376
45.07843613624573,-3.68184326171875,-0.4323763427734375,1.1102158203125
45.135804176330566,-3.71001806640625,-0.45107479858398436,1.095540283203125
45.19200539588928,-3.7356474609375,-0.472416259765625,1.080311767578125
45.24636149406433,-3.75559716796875,-0.4922591552734375,1.0677935791015625
45.30133104324341,-3.7792060546875,-0.5163276977539063,1.05189208984375
45.35555672645569,-3.79959912109375,-0.5366173095703125,1.03787109375
45.41190958023071,-3.82041357421875,-0.557311279296875,1.0226446533203124
45.46779990196228,-3.845794189453125,-0.5842284545898437,1.0029832153320313
45.52361035346985,-3.871885009765625,-0.61574462890625,0.9823489990234375
45.57809829711914,-3.892939697265625,-0.6440218505859375,0.9651827392578125
45.63229966163635,-3.915354248046875,-0.678593017578125,0.94630029296875
45.68679189682007,-3.93114697265625,-0.706264404296875,0.930903564453125
45.74283266067505,-3.947607421875,-0.7384818725585938,0.9128704833984375
45.79848074913025,-3.9615615234375,-0.7647998046875,0.8978114013671875
45.85262846946716,-3.971947265625,-0.7869519653320313,0.8776119384765625
45.90800499916077,-3.984656982421875,-0.813182861328125,0.8508033447265625
45.96207404136658,-3.99594189453125,-0.8370620727539062,0.8197980346679687
46.01641225814819,-4.005694091796875,-0.8551090087890625,0.7914255981445313
46.070911169052124,-4.01501904296875,-0.87113525390625,0.759290283203125
46.128854274749756,-4.028899658203125,-0.8872493286132812,0.7181657104492187
46.18410396575928,-4.045196044921875,-0.9013349609375,0.6741315307617187
46.23912739753723,-4.06026611328125,-0.9128159790039062,0.6350868530273438
46.293323278427124,-4.0782109375,-0.9273590698242188,0.5851453857421876
46.349181175231934,-4.093982421875,-0.9394824829101562,0.542362548828125
46.40522313117981,-4.111302734375,-0.9527413330078125,0.4917536010742187
46.459452629089355,-4.1253583984375,-0.9628658447265624,0.45015692138671876
46.5147750377655,-4.14103759765625,-0.971936279296875,0.4034796447753906
46.569533586502075,-4.15234521484375,-0.9754613037109375,0.3677669067382813
46.62358117103577,-4.165158203125,-0.9761870727539063,0.32748004150390625
46.67910957336426,-4.17634228515625,-0.974301513671875,0.29516885375976565
46.73386287689209,-4.190470703125,-0.9707342529296875,0.2571475219726562
46.78903245925903,-4.201994140625,-0.9666072387695313,0.2273802795410156
46.843138694763184,-4.21269677734375,-0.9607933959960937,0.19526220703125
46.897730112075806,-4.21983251953125,-0.9564041748046875,0.16996726989746094
46.95359206199646,-4.22739111328125,-0.9522257080078125,0.14211703491210936
47.00896072387695,-4.234091796875,-0.9512929077148438,0.11929276275634766
47.063376903533936,-4.24063330078125,-0.9520957641601563,0.09725443267822266
47.11967372894287,-4.24546044921875,-0.9542442626953125,0.08271449279785156
47.1733283996582,-4.2488662109375,-0.95656005859375,0.06774868774414063
47.22742795944214,-4.25251708984375,-0.9585911254882813,0.055864391326904295
47.28236222267151,-4.25633154296875,-0.9600964965820312,0.045560665130615234
47.33868384361267,-4.25747509765625,-0.9596028442382812,0.04164690780639648
47.392303228378296,-4.25837060546875,-0.9590020141601563,0.04058538818359375
47.446897745132446,-4.2587548828125,-0.9567619018554687,0.037503707885742185
47.503408670425415,-4.25886376953125,-0.952502685546875,0.03418274688720703
47.56082510948181,-4.2537548828125,-0.9438270263671875,0.027673858642578125
47.61585092544556,-4.248181640625,-0.936028564453125,0.01906546401977539
47.669641971588135,-4.24368798828125,-0.9292398071289063,0.015138825416564942
47.72462010383606,-4.24312841796875,-0.9275623168945313,0.014250436782836913
47.77955651283264,-4.24240478515625,-0.9276488037109375,0.014232399940490723
47.834373474121094,-4.2426845703125,-0.9284332275390625,0.014442910194396972
47.889297008514404,-4.24280712890625,-0.927092529296875,0.013162982940673829
47.944106101989746,-4.24459423828125,-0.9229443969726563,0.010304656982421875
47.9995174407959,-4.24605224609375,-0.918844482421875,0.007488772869110107
48.05392241477966,-4.247001953125,-0.9147299194335937,0.004743368148803711
48.10927629470825,-4.24676611328125,-0.912102783203125,0.003509751558303833
48.167871952056885,-4.24709521484375,-0.9128677978515625,0.0031922333240509033
48.22348713874817,-4.24613232421875,-0.9116539306640625,0.003166280269622803
48.27789306640625,-4.24664990234375,-0.9123327026367187,0.0033029847145080566
48.33447241783142,-4.246873046875,-0.9123319702148438,0.0033383030891418457
48.38922882080078,-4.246634765625,-0.91206005859375,0.0033557028770446777
48.44546151161194,-4.24671484375,-0.912348388671875,0.003213118076324463
48.501487016677856,-4.24687548828125,-0.9123103637695312,0.003447749137878418
48.55735397338867,-4.24683935546875,-0.9124519653320312,0.003269465446472168
48.611793518066406,-4.2467822265625,-0.9122941284179688,0.003354755640029907
48.66627383232117,-4.246693359375,-0.9121072998046875,0.0033048579692840576
48.72137761116028,-4.2466337890625,-0.912151611328125,0.0033323771953582765
48.778544664382935,-4.2466884765625,-0.9121881103515626,0.003355894088745117
48.83438777923584,-4.24660986328125,-0.9121825561523438,0.0033075242042541505
48.888805627822876,-4.24658837890625,-0.9121278686523437,0.003374105453491211
48.94506549835205,-4.2466806640625,-0.9121922607421875,0.003319568395614624
48.99932622909546,-4.2466123046875,-0.9121566772460937,0.0033827753067016604
49.05488038063049,-4.24666796875,-0.9121874389648438,0.003296929836273193
49.10989046096802,-4.24674560546875,-0.912122314453125,0.003376582384109497
49.16461706161499,-4.24678466796875,-0.9122807006835938,0.0033092429637908934
49.218913316726685,-4.2466611328125,-0.9121627197265625,0.0033581204414367674
49.27450942993164,-4.246775390625,-0.9121914672851562,0.0033359949588775634
49.32874846458435,-4.24677001953125,-0.9122618408203125,0.003350153923034668
49.384533643722534,-4.2465908203125,-0.9120865478515625,0.0033124861717224122
49.439207792282104,-4.2466513671875,-0.9122206420898438,0.0032648465633392334
49.492762327194214,-4.24660986328125,-0.9121832885742187,0.0034663848876953125
49.54812145233154,-4.24666552734375,-0.9122315673828125,0.003276585578918457
49.601494550704956,-4.2455859375,-0.9115805053710937,0.0023739871978759766
49.64523124694824,-4.24559765625,-0.9116029663085937,0.002232747793197632
49.70106363296509,-4.2455908203125,-0.9115553588867188,0.0022369647026062012
49.75741767883301,-4.245603515625,-0.9115496826171875,0.0022589175701141356
49.81301522254944,-4.24560009765625,-0.9115975341796875,0.0022294228076934815
49.86710262298584,-4.24557666015625,-0.911544677734375,0.002266686201095581
49.920164823532104,-4.24560400390625,-0.9115867919921875,0.0021464128494262697
49.97621297836304,-4.24562744140625,-0.9115496826171875,0.0022872023582458496
50.03141808509827,-4.245646484375,-0.9115883178710937,0.002129827976226807
50.08561682701111,-4.2456259765625,-0.9115796508789062,0.0023316938877105714
50.17220497131348,-4.2455498046875,-0.9117254028320313,0.0021094117164611815
50.22602319717407,-4.245609375,-0.9115318603515625,0.002281442403793335
50.28122353553772,-4.24565234375,-0.9115573120117187,0.0021977674961090087
50.337371587753296,-4.245607421875,-0.9115368041992188,0.0022711403369903562
50.39367389678955,-4.24560693359375,-0.9116016845703125,0.0021843113899230955
50.44854235649109,-4.245638671875,-0.9116080322265625,0.002260011196136475
50.5021390914917,-4.24559716796875,-0.9115311889648438,0.002169783353805542
50.557639360427856,-4.245603515625,-0.9115665893554687,0.0021921217441558836
50.612876892089844,-4.245587890625,-0.9115383911132813,0.002215531826019287
50.666900396347046,-4.245607421875,-0.91160107421875,0.0022122201919555664
